amfi_code,Tracking_Error
120505,0.2319675096004632
148567,0.1896636779215802
120843,0.20642496841144062
100033,0.22869942052083106
148569,0.21736518889258571
